<?xml version="1.0" encoding="utf-8"?>
<extension type="module" version="3.1.0" client="site" method="upgrade">
    <name>Custom mod_hormones_analysis module</name>
    <author>Archita</author>
    <version>1.0.0</version>
    <description>mod_hormones_analysis module</description>
    <files>
        <filename>mod_hormones_analysis.xml</filename>
        <filename module="mod_hormones_analysis">mod_hormones_analysis.php</filename>
        <filename>index.html</filename>
        <filename>helper.php</filename>
        <filename>tmpl/default.php</filename>
        <filename>tmpl/index.html</filename>
    </files>
    <config>
    </config>
</extension>