<?xml version="1.0" encoding="utf-8"?>
<extension type="module" version="3.1.0" client="site" method="upgrade">
    <name>Custom about_us module</name>
    <author>Archita</author>
    <version>1.0.0</version>
    <description>about_us module</description>
    <files>
        <filename>mod_about_us.xml</filename>
        <filename module="mod_about_us">mod_about_us.php</filename>
        <filename>index.html</filename>
        <filename>helper.php</filename>
        <filename>tmpl/default.php</filename>
        <filename>tmpl/index.html</filename>
    </files>
    <config>
    </config>
</extension>