<?xml version="1.0" encoding="utf-8"?>
<extension type="module" version="3.1.0" client="site" method="upgrade">
    <name>Custom mod_histopathology module</name>
    <author>Archita</author>
    <version>1.0.0</version>
    <description>mod_histopathology module</description>
    <files>
        <filename>mod_histopathology.xml</filename>
        <filename module="mod_histopathology">mod_histopathology.php</filename>
        <filename>index.html</filename>
        <filename>helper.php</filename>
        <filename>tmpl/default.php</filename>
        <filename>tmpl/index.html</filename>
    </files>
    <config>
    </config>
</extension>