<?xml version="1.0" encoding="UTF-8"?>
<extension type="component" version="4.0" method="upgrade" client="site">
    <name>com_contactform</name>
    <description>A custom contact form component</description>
    
    <!-- Files for frontend -->
    <files>
        <filename component="com_contactform">controller.php</filename>
        <filename>helper.php</filename>
        <folder>models</folder>
        <folder>views</folder>
        <folder>language</folder>
    </files>
    
    <!-- Admin files section (even if empty, Joomla requires this if you plan to install any admin features) -->
    <administration>
        <files>
            <!-- Empty admin section since there's no admin part -->
        </files>
    </administration>

    <languages>
        <language tag="en-GB">language/en-GB/en-GB.com_contactform.ini</language>
    </languages>
</extension>
